video, label, start, end
1.mp4, JumpingJack, 00:15, 00:35
1.mp4, WallSitt, 00:55, 01:15
1.mp4, PushUps, 01:36, 01:56
1.mp4, Crunches, 02:16, 02:36
1.mp4, StepUps, 02:56, 03:16
1.mp4, Squats, 03:36, 03:56
1.mp4, TricepDips, 04:16, 04:36
1.mp4, Plank, 04:56, 05:16
1.mp4, HighKnees, 05:36, 05:56
1.mp4, Lunges, 06:16, 06:36
1.mp4, PushUpWR, 06:56, 07:16
1.mp4, SidePlank, 07:36, 07:56
1.mp4, SidePlank, 08:16, 08:26
1.mp4, Walking, 00:41, 00:46
1.mp4, Walking, 03:22, 03:27
3.mp4, JumpingJack, 00:36, 00:56
3.mp4, WallSitt, 01:16, 01:36
3.mp4, PushUps, 01:56, 02:16
3.mp4, Crunches, 02:36, 02:56
3.mp4, StepUps, 03:16, 03:36
3.mp4, Squats, 03:56, 04:16
3.mp4, TricepDips, 04:36, 04:56
3.mp4, Plank, 05:16, 05:36
3.mp4, HighKnees, 05:56, 06:16
3.mp4, Lunges, 06:36, 06:56
3.mp4, PushUpWR, 07:16, 07:36
3.mp4, SidePlank, 07:56, 08:16
3.mp4, SidePlank, 08:36, 08:56
3.mp4, Walking, 01:01, 01:06
3.mp4, Walking, 01:42, 01:47
4.mp4, JumpingJack, 00:30, 00:50
4.mp4, WallSitt, 01:10, 01:30
4.mp4, PushUps, 01:50, 02:10
4.mp4, Crunches, 02:30, 02:50
4.mp4, StepUps, 03:10, 03:30
4.mp4, Squats, 03:50, 04:10
4.mp4, TricepDips, 04:30, 04:50
4.mp4, Plank, 05:10, 05:30
4.mp4, HighKnees, 05:50, 06:10
4.mp4, Lunges, 06:30, 06:50
4.mp4, PushUpWR, 07:10, 07:30
4.mp4, SidePlank, 07:50, 08:10
4.mp4, SidePlank, 08:30, 08:50
4.mp4, Walking, 06:15, 06:20
4.mp4, Walking, 04:16, 04:21
5.mp4, JumpingJack, 00:15, 00:35
5.mp4, WallSitt, 00:55, 01:15
5.mp4, PushUps, 01:35, 01:55
5.mp4, Crunches, 02:15, 02:35
5.mp4, StepUps, 02:55, 03:15
5.mp4, Squats, 03:35, 03:55
5.mp4, TricepDips, 04:15, 04:35
5.mp4, Plank, 04:55, 05:15
5.mp4, HighKnees, 05:35, 05:55
5.mp4, Lunges, 06:15, 06:35
5.mp4, PushUpWR, 06:55, 07:15
5.mp4, SidePlank, 07:35, 07:55
5.mp4, SidePlank, 08:15, 08:35
5.mp4, Walking, 06:02, 06:07
6.mp4, JumpingJack, 00:39, 00:42
6.mp4, JumpingJack, 00:45, 00:47
6.mp4, JumpingJack, 00:50, 00:52
6.mp4, WallSitt, 01:36, 01:43
6.mp4, PushUps, 02:01, 02:06
6.mp4, PushUps, 02:08, 02:15
6.mp4, Crunches, 02:56, 03:11
6.mp4, StepUps, 03:20, 03:45
6.mp4, Squats, 04:17, 04:27
6.mp4, TricepDips, 04:44, 04:48
6.mp4, Plank, 05:24, 05:29
6.mp4, HighKnees, 06:09, 06:12
6.mp4, Lunges, 06:52, 07:02
6.mp4, PushUpWR, 07:35, 07:48
6.mp4, SidePlank, 08:23, 08:29
6.mp4, SidePlank, 08:42, 08:49
6.mp4, Walking, 06:33, 06:38
7.mp4, JumpingJack, 00:33, 00:43
7.mp4, WallSitt, 00:54, 01:08
7.mp4, PushUps, 01:19, 01:24
7.mp4, PushUps, 01:30, 01:36
7.mp4, Crunches, 02:09, 02:15
7.mp4, StepUps, 02:44, 03:10
7.mp4, Squats, 03:25, 03:50
7.mp4, TricepDips, 04:02, 04:32
7.mp4, Plank, 04:50, 05:10
7.mp4, HighKnees, 05:24, 05:38
7.mp4, Lunges, 05:52, 06:00
7.mp4, PushUpWR, 06:40, 06:58
7.mp4, SidePlank, 07:35, 07:50
7.mp4, Walking, 02:39, 02:41
8.mp4, JumpingJack, 00:40, 01:00
8.mp4, WallSitt, 01:20, 01:40
8.mp4, PushUps, 02:05, 02:25
8.mp4, Crunches, 02:40, 03:00
8.mp4, StepUps, 03:25, 03:55
8.mp4, Squats, 04:00, 04:20
8.mp4, TricepDips, 04:45, 05:05
8.mp4, Plank, 05:20, 05:40
8.mp4, HighKnees, 06:00, 06:20
8.mp4, Lunges, 06:40, 07:00
8.mp4, PushUpWR, 07:19, 07:39
8.mp4, SidePlank, 08:05, 08:25
8.mp4, SidePlank, 08:45, 09:05
8.mp4, Walking, 09:10, 09:25
8.mp4, Walking, 07:09, 07:12
10.mp4, JumpingJack, 00:29, 00:35
10.mp4, JumpingJack, 00:43, 00:47
10.mp4, WallSitt, 01:10, 01:15
10.mp4, PushUps, 01:49, 01:55
10.mp4, Crunches, 02:29, 02:34
10.mp4, StepUps, 03:10, 03:14
10.mp4, Squats, 03:49, 03:56
10.mp4, TricepDips, 04:30, 04:34
10.mp4, Plank, 05:10, 05:17
10.mp4, HighKnees, 05:50, 05:56
10.mp4, Lunges, 06:31, 06:37
10.mp4, PushUpWR, 07:10, 07:20
10.mp4, SidePlank, 07:50, 07:54
11.mp4, JumpingJack, 00:25, 00:45
11.mp4, WallSitt, 01:00, 01:20
11.mp4, PushUps, 01:55, 02:15
11.mp4, Crunches, 02:35, 02:55
11.mp4, StepUps, 03:16, 03:36
11.mp4, Squats, 04:00, 04:20
11.mp4, TricepDips, 04:45, 05:05
11.mp4, Plank, 05:30, 05:50
11.mp4, HighKnees, 06:10, 06:30
11.mp4, Lunges, 06:53, 07:13
11.mp4, PushUpWR, 07:35, 07:55
11.mp4, SidePlank, 08:20, 08:30
11.mp4, SidePlank, 08:40, 08:50
11.mp4, Walking, 06:41, 06:46
12.mp4, JumpingJack, 00:23, 00:53
12.mp4, WallSitt, 01:04, 01:24
12.mp4, PushUps, 01:37, 01:57
12.mp4, Crunches, 02:26, 02:56
12.mp4, StepUps, 03:02, 03:22
12.mp4, Squats, 03:43, 04:03
12.mp4, TricepDips, 04:24, 04:44
12.mp4, Plank, 05:02, 05:22
12.mp4, HighKnees, 05:43, 06:03
12.mp4, Lunges, 06:22, 06:42
12.mp4, PushUpWR, 07:05, 07:25
12.mp4, SidePlank, 07:45, 08:05
12.mp4, SidePlank, 08:22, 08:42
12.mp4, Walking, 06:49, 06:54
12.mp4, Walking, 03:29, 03:34
13.mp4, JumpingJack, 00:54, 01:14
13.mp4, WallSitt, 01:37, 01:57
13.mp4, PushUps, 02:14, 02:34
13.mp4, Crunches, 02:57, 03:17
13.mp4, StepUps, 03:34, 03:54
13.mp4, Squats, 04:16, 04:36
13.mp4, TricepDips, 04:55, 05:15
13.mp4, Plank, 05:36, 05:56
13.mp4, HighKnees, 06:15, 06:36
13.mp4, Lunges, 06:53, 07:13
13.mp4, SidePlank, 08:13, 08:36
13.mp4, Walking, 02:43, 02:48
13.mp4, Walking, 01:22, 01:27
14.mp4, JumpingJack, 00:11, 00:31
14.mp4, WallSitt, 00:51, 01:11
14.mp4, PushUps, 01:32, 01:52
14.mp4, Crunches, 02:12, 02:32
14.mp4, StepUps, 02:50, 03:10
14.mp4, Squats, 03:31, 03:51
14.mp4, TricepDips, 04:10, 04:30
14.mp4, Plank, 04:51, 05:11
14.mp4, HighKnees, 05:31, 05:51
14.mp4, Lunges, 06:12, 06:32
14.mp4, PushUpWR, 06:52, 07:12
14.mp4, SidePlank, 07:36, 07:56
14.mp4, SidePlank, 08:16, 08:26
14.mp4, Walking, 00:40, 00:45
14.mp4, Walking, 03:22, 03:27
15.mp4, JumpingJack, 00:12, 00:32
15.mp4, WallSitt, 00:50, 01:10
15.mp4, PushUps, 01:28, 01:48
15.mp4, Crunches, 02:11, 02:31
15.mp4, StepUps, 02:50, 03:10
15.mp4, Squats, 03:30, 03:50
15.mp4, TricepDips, 04:11, 04:31
15.mp4, Plank, 04:50, 04:10
15.mp4, HighKnees, 05:30, 05:50
15.mp4, Lunges, 06:10, 06:30
15.mp4, PushUpWR, 06:45, 07:05
15.mp4, SidePlank, 07:24, 07:34
15.mp4, SidePlank, 07:44, 07:54
15.mp4, Walking, 02:39, 02:44
15.mp4, Walking, 03:17, 03:22
16.mp4, JumpingJack, 00:15, 00:35
16.mp4, Plank, 05:52, 05:12
17.mp4, JumpingJack, 00:30, 00:50
17.mp4, WallSitt, 01:10, 01:30
17.mp4, PushUps, 01:49, 01:19
17.mp4, Crunches, 02:37, 02:57
17.mp4, StepUps, 03:07, 03:27
17.mp4, Squats, 03:47, 04:07
17.mp4, TricepDips, 04:31, 04:51
17.mp4, Plank, 05:13, 05:33
17.mp4, HighKnees, 05:50, 06:10
17.mp4, Lunges, 06:26, 06:46
17.mp4, PushUpWR, 07:07, 07:27
17.mp4, SidePlank, 07:49, 08:09
17.mp4, SidePlank, 08:27, 08:47
17.mp4, Walking, 00:55, 01:00
17.mp4, Walking, 03:35, 03:40
18 - 7 Minute Tabata Workout Song | Full Body.mp4, JumpingJack, 00:15, 00:35
18 - 7 Minute Tabata Workout Song | Full Body.mp4, WallSitt, 00:55, 01:15
18 - 7 Minute Tabata Workout Song | Full Body.mp4, PushUps, 01:36, 01:56
18 - 7 Minute Tabata Workout Song | Full Body.mp4, Crunches, 02:16, 02:36
18 - 7 Minute Tabata Workout Song | Full Body.mp4, StepUps, 02:56, 03:16
18 - 7 Minute Tabata Workout Song | Full Body.mp4, Squats, 03:36, 03:56
18 - 7 Minute Tabata Workout Song | Full Body.mp4, TricepDips, 04:16, 04:36
18 - 7 Minute Tabata Workout Song | Full Body.mp4, Plank, 04:56, 04:16
18 - 7 Minute Tabata Workout Song | Full Body.mp4, HighKnees, 05:36, 05:56
18 - 7 Minute Tabata Workout Song | Full Body.mp4, Lunges, 06:16, 06:36
18 - 7 Minute Tabata Workout Song | Full Body.mp4, PushUpWR, 06:56, 07:16
18 - 7 Minute Tabata Workout Song | Full Body.mp4, SidePlank, 07:36, 07:56
18 - 7 Minute Tabata Workout Song | Full Body.mp4, SidePlank, 08:16, 08:26
18 - 7 Minute Tabata Workout Song | Full Body.mp4, Walking, 00:41, 00:46
18 - 7 Minute Tabata Workout Song | Full Body.mp4, Walking, 03:22, 03:27
19 - 7 Minute Workout Song wtimer  Tabata Songs_480p.mp4, JumpingJack, 00:25, 00:46
19 - 7 Minute Workout Song wtimer  Tabata Songs_480p.mp4, WallSitt, 01:07, 01:27
19 - 7 Minute Workout Song wtimer  Tabata Songs_480p.mp4, PushUps, 01:45, 01:05
19 - 7 Minute Workout Song wtimer  Tabata Songs_480p.mp4, Crunches, 02:38, 02:58
19 - 7 Minute Workout Song wtimer  Tabata Songs_480p.mp4, StepUps, 03:03, 03:23
19 - 7 Minute Workout Song wtimer  Tabata Songs_480p.mp4, Squats, 03:44, 04:04
19 - 7 Minute Workout Song wtimer  Tabata Songs_480p.mp4, Lunges, 04:23, 04:43
19 - 7 Minute Workout Song wtimer  Tabata Songs_480p.mp4, Plank, 05:01, 05:21
19 - 7 Minute Workout Song wtimer  Tabata Songs_480p.mp4, HighKnees, 05:47, 06:07
19 - 7 Minute Workout Song wtimer  Tabata Songs_480p.mp4, TricepDips, 06:28, 06:48
19 - 7 Minute Workout Song wtimer  Tabata Songs_480p.mp4, PushUpWR, 07:02, 07:22
19 - 7 Minute Workout Song wtimer  Tabata Songs_480p.mp4, SidePlank, 07:43, 08:03
19 - 7 Minute Workout Song wtimer  Tabata Songs_480p.mp4, SidePlank, 08:24, 08:44
19 - 7 Minute Workout Song wtimer  Tabata Songs_480p.mp4, Walking, 06:12, 06:17
20 - 7 minute workout Full bodySONG_480p.mp4, JumpingJack, 00:35, 00:55
20 - 7 minute workout Full bodySONG_480p.mp4, WallSitt, 01:15, 01:35
20 - 7 minute workout Full bodySONG_480p.mp4, PushUps, 01:55, 02:15
20 - 7 minute workout Full bodySONG_480p.mp4, Crunches, 02:35, 02:55
20 - 7 minute workout Full bodySONG_480p.mp4, StepUps, 03:15, 03:35
20 - 7 minute workout Full bodySONG_480p.mp4, Squats, 03:55, 04:15
20 - 7 minute workout Full bodySONG_480p.mp4, TricepDips, 04:35, 04:55
20 - 7 minute workout Full bodySONG_480p.mp4, Plank, 05:15, 05:35
20 - 7 minute workout Full bodySONG_480p.mp4, HighKnees, 05:55, 06:15
20 - 7 minute workout Full bodySONG_480p.mp4, Lunges, 06:35, 06:55
20 - 7 minute workout Full bodySONG_480p.mp4, PushUpWR, 07:15, 07:35
20 - 7 minute workout Full bodySONG_480p.mp4, SidePlank, 07:55, 08:05
20 - 7 minute workout Full bodySONG_480p.mp4, SidePlank, 08:35, 08:45
20 - 7 minute workout Full bodySONG_480p.mp4, Walking, 06:21, 06:26
21 - Tabata 7 minute workout_480p.mp4, JumpingJack, 00:15, 00:35
21 - Tabata 7 minute workout_480p.mp4, WallSitt, 00:55, 01:15
21 - Tabata 7 minute workout_480p.mp4, PushUps, 01:36, 01:56
21 - Tabata 7 minute workout_480p.mp4, Crunches, 02:16, 02:36
21 - Tabata 7 minute workout_480p.mp4, StepUps, 02:56, 03:16
21 - Tabata 7 minute workout_480p.mp4, Squats, 03:36, 03:56
21 - Tabata 7 minute workout_480p.mp4, TricepDips, 04:16, 04:36
21 - Tabata 7 minute workout_480p.mp4, Plank, 04:56, 04:16
21 - Tabata 7 minute workout_480p.mp4, HighKnees, 05:36, 05:56
21 - Tabata 7 minute workout_480p.mp4, Lunges, 06:16, 06:36
21 - Tabata 7 minute workout_480p.mp4, PushUpWR, 06:56, 07:16
21 - Tabata 7 minute workout_480p.mp4, SidePlank, 07:36, 07:56
21 - Tabata 7 minute workout_480p.mp4, SidePlank, 08:16, 08:26
21 - Tabata 7 minute workout_480p.mp4, Walking, 00:41, 00:46
21 - Tabata 7 minute workout_480p.mp4, Walking, 03:22, 03:27
22 - 7 Minute Workout Song (Tabata Songs).mp4, JumpingJack, 00:15, 00:35
22 - 7 Minute Workout Song (Tabata Songs), WallSitt, 00:55, 01:15
22 - 7 Minute Workout Song (Tabata Songs).mp4, PushUps, 01:36, 01:56
22 - 7 Minute Workout Song (Tabata Songs).mp4, Crunches, 02:16, 02:36
22 - 7 Minute Workout Song (Tabata Songs).mp4, StepUps, 02:56, 03:16
22 - 7 Minute Workout Song (Tabata Songs).mp4, Squats, 03:36, 03:56
22 - 7 Minute Workout Song (Tabata Songs).mp4, TricepDips, 04:16, 04:36
22 - 7 Minute Workout Song (Tabata Songs).mp4, Plank, 04:56, 04:16
22 - 7 Minute Workout Song (Tabata Songs).mp4, HighKnees, 05:36, 05:56
22 - 7 Minute Workout Song (Tabata Songs).mp4, Lunges, 06:16, 06:36
22 - 7 Minute Workout Song (Tabata Songs).mp4, PushUpWR, 06:56, 07:16
22 - 7 Minute Workout Song (Tabata Songs).mp4, SidePlank, 07:36, 07:56
22 - 7 Minute Workout Song (Tabata Songs).mp4, SidePlank, 08:16, 08:26
22 - 7 Minute Workout Song (Tabata Songs).mp4, Walking, 00:46, 00:51
22 - 7 Minute Workout Song (Tabata Songs).mp4, Walking, 03:26, 03:31
23 -7 Minute Workout Song KIDS  7.mp4, JumpingJack, 00:10, 00:30
23 -7 Minute Workout Song KIDS  7.mp4, WallSitt, 00:50, 01:10
23 -7 Minute Workout Song KIDS  7.mp4, PushUps, 01:30, 01:50
23 -7 Minute Workout Song KIDS  7.mp4, Crunches, 02:10, 02:30
23 -7 Minute Workout Song KIDS  7.mp4, Squats, 03:30, 03:50
23 -7 Minute Workout Song KIDS  7.mp4, Plank, 04:50, 04:10
23 -7 Minute Workout Song KIDS  7.mp4, HighKnees, 05:30, 05:50
23 -7 Minute Workout Song KIDS  7.mp4, Lunges, 06:10, 06:30
23 -7 Minute Workout Song KIDS  7.mp4, PushUpWR, 06:50, 07:10
23 -7 Minute Workout Song KIDS  7.mp4, SidePlank, 07:30, 07:40
23 -7 Minute Workout Song KIDS  7.mp4, SidePlank, 08:10, 08:20
23 -7 Minute Workout Song KIDS  7.mp4, Walking, 00:36, 00:41
23 -7 Minute Workout Song KIDS  7.mp4, Walking, 03:13, 03:20
24 - 7 Minute Workout  Tabata Songs wtimer_480p.mp4, JumpingJack, 00:15, 00:35
24 - 7 Minute Workout  Tabata Songs wtimer_480p.mp4, WallSitt, 00:55, 01:15
24 - 7 Minute Workout  Tabata Songs wtimer_480p.mp4, PushUps, 01:36, 01:56
24 - 7 Minute Workout  Tabata Songs wtimer_480p.mp4, Crunches, 02:16, 02:36
24 - 7 Minute Workout  Tabata Songs wtimer_480p.mp4, StepUps, 02:56, 03:16
24 - 7 Minute Workout  Tabata Songs wtimer_480p.mp4, Squats, 03:36, 03:56
24 - 7 Minute Workout  Tabata Songs wtimer_480p.mp4, TricepDips, 04:16, 04:36
24 - 7 Minute Workout  Tabata Songs wtimer_480p.mp4, Plank, 04:56, 04:16
24 - 7 Minute Workout  Tabata Songs wtimer_480p.mp4, HighKnees, 05:36, 05:56
24 - 7 Minute Workout  Tabata Songs wtimer_480p.mp4, Lunges, 06:16, 06:36
24 - 7 Minute Workout  Tabata Songs wtimer_480p.mp4, PushUpWR, 06:56, 07:16
24 - 7 Minute Workout  Tabata Songs wtimer_480p.mp4, SidePlank, 07:36, 07:56
24 - 7 Minute Workout  Tabata Songs wtimer_480p.mp4, SidePlank, 08:16, 08:26
24 - 7 Minute Workout  Tabata Songs wtimer_480p.mp4, Walking, 00:41, 00:46
24 - 7 Minute Workout  Tabata Songs wtimer_480p.mp4, Walking, 03:22, 03:27
25 - I tried Inger Houghton's 7 Minute Workout Tabata Songs.mp4, JumpingJack, 00:15, 00:35
25 - I tried Inger Houghton's 7 Minute Workout Tabata Songs.mp4, WallSitt, 00:55, 01:15
25 - I tried Inger Houghton's 7 Minute Workout Tabata Songs.mp4, PushUps, 01:36, 01:56
25 - I tried Inger Houghton's 7 Minute Workout Tabata Songs.mp4, Crunches, 02:16, 02:36
25 - I tried Inger Houghton's 7 Minute Workout Tabata Songs.mp4, StepUps, 02:56, 03:16
25 - I tried Inger Houghton's 7 Minute Workout Tabata Songs.mp4, Squats, 03:36, 03:56
25 - I tried Inger Houghton's 7 Minute Workout Tabata Songs.mp4, TricepDips, 04:16, 04:36
25 - I tried Inger Houghton's 7 Minute Workout Tabata Songs.mp4, Plank, 04:56, 04:16
25 - I tried Inger Houghton's 7 Minute Workout Tabata Songs.mp4, HighKnees, 05:36, 05:56
25 - I tried Inger Houghton's 7 Minute Workout Tabata Songs.mp4, Lunges, 06:16, 06:36
25 - I tried Inger Houghton's 7 Minute Workout Tabata Songs.mp4, PushUpWR, 06:56, 07:16
25 - I tried Inger Houghton's 7 Minute Workout Tabata Songs.mp4, SidePlank, 07:36, 07:56
25 - I tried Inger Houghton's 7 Minute Workout Tabata Songs.mp4, SidePlank, 08:16, 08:26
25 - I tried Inger Houghton's 7 Minute Workout Tabata Songs.mp4, Walking, 00:41, 00:46
25 - I tried Inger Houghton's 7 Minute Workout Tabata Songs.mp4, Walking, 03:22, 03:27
26 - 7 Minute Workout Song wtimer TABATA SONGS_480p.mp4, JumpingJack, 00:15, 00:35
26 - 7 Minute Workout Song wtimer TABATA SONGS_480p.mp4, WallSitt, 00:55, 01:15
26 - 7 Minute Workout Song wtimer TABATA SONGS_480p.mp4, PushUps, 01:36, 01:56
26 - 7 Minute Workout Song wtimer TABATA SONGS_480p.mp4, Crunches, 02:16, 02:36
26 - 7 Minute Workout Song wtimer TABATA SONGS_480p.mp4, StepUps, 02:56, 03:16
26 - 7 Minute Workout Song wtimer TABATA SONGS_480p.mp4, Squats, 03:36, 03:56
26 - 7 Minute Workout Song wtimer TABATA SONGS_480p.mp4, TricepDips, 04:16, 04:36
26 - 7 Minute Workout Song wtimer TABATA SONGS_480p.mp4, Plank, 04:56, 04:16
26 - 7 Minute Workout Song wtimer TABATA SONGS_480p.mp4, HighKnees, 05:36, 05:56
26 - 7 Minute Workout Song wtimer TABATA SONGS_480p.mp4, Lunges, 06:16, 06:36
26 - 7 Minute Workout Song wtimer TABATA SONGS_480p.mp4, PushUpWR, 06:56, 07:16
26 - 7 Minute Workout Song wtimer TABATA SONGS_480p.mp4, SidePlank, 07:36, 07:56
26 - 7 Minute Workout Song wtimer TABATA SONGS_480p.mp4, SidePlank, 08:16, 08:26
26 - 7 Minute Workout Song wtimer TABATA SONGS_480p.mp4, Walking, 00:41, 00:46
26 - 7 Minute Workout Song wtimer TABATA SONGS_480p.mp4, Walking, 03:22, 03:27
27 -Scientific 7 Minute Workout_480p.mp4, JumpingJack, 00:50, 01:10
27 -Scientific 7 Minute Workout_480p.mp4, WallSitt, 01:40, 02:00
27 -Scientific 7 Minute Workout_480p.mp4, PushUps, 02:16, 02:36
27 -Scientific 7 Minute Workout_480p.mp4, Crunches, 03:05, 03:25
27 -Scientific 7 Minute Workout_480p.mp4, StepUps, 03:38, 03:58
27 -Scientific 7 Minute Workout_480p.mp4, Squats, 04:20, 04:40
27 -Scientific 7 Minute Workout_480p.mp4, TricepDips, 05:01, 05:21
27 -Scientific 7 Minute Workout_480p.mp4, Plank, 05:48, 06:08
27 -Scientific 7 Minute Workout_480p.mp4, HighKnees, 06:30, 06:50
27 -Scientific 7 Minute Workout_480p.mp4, Lunges, 07:10, 07:30
27 -Scientific 7 Minute Workout_480p.mp4, PushUpWR, 07:50, 08:10
27 -Scientific 7 Minute Workout_480p.mp4, SidePlank, 08:50, 09:00
27 -Scientific 7 Minute Workout_480p.mp4, Walking, 01:22, 01:27
27 -Scientific 7 Minute Workout_480p.mp4, Walking, 04:11, 04:16
28 - Mitray from RusUkraine  7 minute workout  Tabata Song_480p.mp4, JumpingJack, 00:15, 00:33
28 - Mitray from RusUkraine  7 minute workout  Tabata Song_480p.mp4, WallSitt, 00:55, 01:13
28 - Mitray from RusUkraine  7 minute workout  Tabata Song_480p.mp4, PushUps, 01:36, 01:54
28 - Mitray from RusUkraine  7 minute workout  Tabata Song_480p.mp4, Crunches, 02:16, 02:34
28 - Mitray from RusUkraine  7 minute workout  Tabata Song_480p.mp4, Squats, 03:36, 03:54
28 - Mitray from RusUkraine  7 minute workout  Tabata Song_480p.mp4, TricepDips, 04:16, 04:34
28 - Mitray from RusUkraine  7 minute workout  Tabata Song_480p.mp4, Plank, 04:56, 04:14
28 - Mitray from RusUkraine  7 minute workout  Tabata Song_480p.mp4, HighKnees, 05:36, 05:54
28 - Mitray from RusUkraine  7 minute workout  Tabata Song_480p.mp4, Lunges, 06:16, 06:34
28 - Mitray from RusUkraine  7 minute workout  Tabata Song_480p.mp4, PushUpWR, 06:56, 07:14
28 - Mitray from RusUkraine  7 minute workout  Tabata Song_480p.mp4, SidePlank, 07:36, 07:54
28 - Mitray from RusUkraine  7 minute workout  Tabata Song_480p.mp4, SidePlank, 08:16, 08:24
28 - Mitray from RusUkraine  7 minute workout  Tabata Song_480p.mp4, Walking, 00:36, 00:41
28 - Mitray from RusUkraine  7 minute workout  Tabata Song_480p.mp4, Walking, 03:17, 03:22
29 - Herbalife's 7 Minute WorkOut.mp4, JumpingJack, 00:25, 00:45
29 - Herbalife's 7 Minute WorkOut.mp4, WallSitt, 01:05, 01:25
29 - Herbalife's 7 Minute WorkOut.mp4, PushUps, 01:46, 02:06
29 - Herbalife's 7 Minute WorkOut.mp4, Crunches, 02:26, 02:46
29 - Herbalife's 7 Minute WorkOut.mp4, StepUps, 03:06, 03:26
29 - Herbalife's 7 Minute WorkOut.mp4, Squats, 03:46, 04:06
29 - Herbalife's 7 Minute WorkOut.mp4, TricepDips, 04:26, 04:46
29 - Herbalife's 7 Minute WorkOut.mp4, Plank, 05:06, 05:26
29 - Herbalife's 7 Minute WorkOut.mp4, HighKnees, 05:46, 06:06
29 - Herbalife's 7 Minute WorkOut.mp4, Lunges, 06:26, 06:46
29 - Herbalife's 7 Minute WorkOut.mp4, PushUpWR, 07:06, 07:26
29 - Herbalife's 7 Minute WorkOut.mp4, SidePlank, 07:46, 08:06
29 - Herbalife's 7 Minute WorkOut.mp4, SidePlank, 08:26, 08:36
29 - Herbalife's 7 Minute WorkOut.mp4, Walking, 00:52, 00:57
29 - Herbalife's 7 Minute WorkOut.mp4, Walking, 03:33, 03:38
30 - 7 Minute Workout Full Video.mp4, JumpingJack, 00:42, 00:47
30 - 7 Minute Workout Full Video.mp4, WallSitt, 01:41, 01:46
30 - 7 Minute Workout Full Video.mp4, PushUps, 02:12, 02:17
30 - 7 Minute Workout Full Video.mp4, Crunches, 02:57, 03:02
30 - 7 Minute Workout Full Video.mp4, StepUps, 03:43, 03:48
30 - 7 Minute Workout Full Video.mp4, Squats, 04:28, 04:33
30 - 7 Minute Workout Full Video.mp4, TricepDips, 05:15, 05:20
30 - 7 Minute Workout Full Video.mp4, Plank, 05:57, 06:02
30 - 7 Minute Workout Full Video.mp4, HighKnees, 06:40, 06:46
30 - 7 Minute Workout Full Video.mp4, Lunges, 07:27, 07:40
30 - 7 Minute Workout Full Video.mp4, PushUpWR, 08:11, 08:27
30 - 7 Minute Workout Full Video.mp4, SidePlank, 09:00, 09:05
