video,label,start,end,start_sec,end_sec
1.mp4,JumpingJack, 00:15, 00:35,15,35
1.mp4,Walking, 00:41, 00:46,41,46
1.mp4,WallSitt, 00:55, 01:15,55,75
1.mp4,PushUps, 01:36, 01:56,96,116
1.mp4,Crunches, 02:16, 02:36,136,156
1.mp4,StepUps, 02:56, 03:16,176,196
1.mp4,Walking, 03:22, 03:27,202,207
1.mp4,Squats, 03:36, 03:56,216,236
1.mp4,TricepDips, 04:16, 04:36,256,276
1.mp4,Plank, 04:56, 05:16,296,316
1.mp4,HighKnees, 05:36, 05:56,336,356
1.mp4,Lunges, 06:16, 06:36,376,396
1.mp4,PushUpWR, 06:56, 07:16,416,436
1.mp4,SidePlank, 07:36, 07:56,456,476
1.mp4,SidePlank, 08:16, 08:26,496,506
10.mp4,JumpingJack, 00:29, 00:35,29,35
10.mp4,JumpingJack, 00:43, 00:47,43,47
10.mp4,WallSitt, 01:10, 01:15,70,75
10.mp4,PushUps, 01:49, 01:55,109,115
10.mp4,Crunches, 02:29, 02:34,149,154
10.mp4,StepUps, 03:10, 03:14,190,194
10.mp4,Squats, 03:49, 03:56,229,236
10.mp4,TricepDips, 04:30, 04:34,270,274
10.mp4,Plank, 05:10, 05:17,310,317
10.mp4,HighKnees, 05:50, 05:56,350,356
10.mp4,Lunges, 06:31, 06:37,391,397
10.mp4,PushUpWR, 07:10, 07:20,430,440
10.mp4,SidePlank, 07:50, 07:54,470,474
11.mp4,JumpingJack, 00:25, 00:45,25,45
11.mp4,WallSitt, 01:00, 01:20,60,80
11.mp4,PushUps, 01:55, 02:15,115,135
11.mp4,Crunches, 02:35, 02:55,155,175
11.mp4,StepUps, 03:16, 03:36,196,216
11.mp4,Squats, 04:00, 04:20,240,260
11.mp4,TricepDips, 04:45, 05:05,285,305
11.mp4,Plank, 05:30, 05:50,330,350
11.mp4,HighKnees, 06:10, 06:30,370,390
11.mp4,Walking, 06:41, 06:46,401,406
11.mp4,Lunges, 06:53, 07:13,413,433
11.mp4,PushUpWR, 07:35, 07:55,455,475
11.mp4,SidePlank, 08:20, 08:30,500,510
11.mp4,SidePlank, 08:40, 08:50,520,530
12.mp4,JumpingJack, 00:23, 00:53,23,53
12.mp4,WallSitt, 01:04, 01:24,64,84
12.mp4,PushUps, 01:37, 01:57,97,117
12.mp4,Crunches, 02:26, 02:56,146,176
12.mp4,StepUps, 03:02, 03:22,182,202
12.mp4,Walking, 03:29, 03:34,209,214
12.mp4,Squats, 03:43, 04:03,223,243
12.mp4,TricepDips, 04:24, 04:44,264,284
12.mp4,Plank, 05:02, 05:22,302,322
12.mp4,HighKnees, 05:43, 06:03,343,363
12.mp4,Lunges, 06:22, 06:42,382,402
12.mp4,Walking, 06:49, 06:54,409,414
12.mp4,PushUpWR, 07:05, 07:25,425,445
12.mp4,SidePlank, 07:45, 08:05,465,485
12.mp4,SidePlank, 08:22, 08:42,502,522
13.mp4,JumpingJack, 00:54, 01:14,54,74
13.mp4,Walking, 01:22, 01:27,82,87
13.mp4,WallSitt, 01:37, 01:57,97,117
13.mp4,PushUps, 02:14, 02:34,134,154
13.mp4,Walking, 02:43, 02:48,163,168
13.mp4,Crunches, 02:57, 03:17,177,197
13.mp4,StepUps, 03:34, 03:54,214,234
13.mp4,Squats, 04:16, 04:36,256,276
13.mp4,TricepDips, 04:55, 05:15,295,315
13.mp4,Plank, 05:36, 05:56,336,356
13.mp4,HighKnees, 06:15, 06:36,375,396
13.mp4,Lunges, 06:53, 07:13,413,433
13.mp4,SidePlank, 08:13, 08:36,493,516
14.mp4,JumpingJack, 00:11, 00:31,11,31
14.mp4,Walking, 00:40, 00:45,40,45
14.mp4,WallSitt, 00:51, 01:11,51,71
14.mp4,PushUps, 01:32, 01:52,92,112
14.mp4,Crunches, 02:12, 02:32,132,152
14.mp4,StepUps, 02:50, 03:10,170,190
14.mp4,Walking, 03:22, 03:27,202,207
14.mp4,Squats, 03:31, 03:51,211,231
14.mp4,TricepDips, 04:10, 04:30,250,270
14.mp4,Plank, 04:51, 05:11,291,311
14.mp4,HighKnees, 05:31, 05:51,331,351
14.mp4,Lunges, 06:12, 06:32,372,392
14.mp4,PushUpWR, 06:52, 07:12,412,432
14.mp4,SidePlank, 07:36, 07:56,456,476
14.mp4,SidePlank, 08:16, 08:26,496,506
15.mp4,JumpingJack, 00:12, 00:32,12,32
15.mp4,WallSitt, 00:50, 01:10,50,70
15.mp4,PushUps, 01:28, 01:48,88,108
15.mp4,Crunches, 02:11, 02:31,131,151
15.mp4,Walking, 02:39, 02:44,159,164
15.mp4,StepUps, 02:50, 03:10,170,190
15.mp4,Walking, 03:17, 03:22,197,202
15.mp4,Squats, 03:30, 03:50,210,230
15.mp4,TricepDips, 04:11, 04:31,251,271
15.mp4,Plank, 04:50,5:10,290,310
15.mp4,HighKnees, 05:30, 05:50,330,350
15.mp4,Lunges, 06:10, 06:30,370,390
15.mp4,PushUpWR, 06:45, 07:05,405,425
15.mp4,SidePlank, 07:24, 07:34,444,454
15.mp4,SidePlank, 07:44, 07:54,464,474
16.mp4,JumpingJack, 00:15, 00:35,15,35
16.mp4,Plank, 05:52,6:12,352,372
17.mp4,JumpingJack, 00:30, 00:50,30,50
17.mp4,Walking, 00:55, 01:00,55,60
17.mp4,WallSitt, 01:10, 01:30,70,90
17.mp4,PushUps, 01:49,2:09,109,129
17.mp4,Crunches, 02:37, 02:57,157,177
17.mp4,StepUps, 03:07, 03:27,187,207
17.mp4,Walking, 03:35, 03:40,215,220
17.mp4,Squats, 03:47, 04:07,227,247
17.mp4,TricepDips, 04:31, 04:51,271,291
17.mp4,Plank, 05:13, 05:33,313,333
17.mp4,HighKnees, 05:50, 06:10,350,370
17.mp4,Lunges, 06:26, 06:46,386,406
17.mp4,PushUpWR, 07:07, 07:27,427,447
17.mp4,SidePlank, 07:49, 08:09,469,489
17.mp4,SidePlank, 08:27, 08:47,507,527
19 - 7 Minute Workout Song wtimer  Tabata Songs_480p.mp4,JumpingJack, 00:25, 00:46,25,46
19 - 7 Minute Workout Song wtimer  Tabata Songs_480p.mp4,WallSitt, 01:07, 01:27,67,87
19 - 7 Minute Workout Song wtimer  Tabata Songs_480p.mp4,PushUps, 01:45,2:05,105,125
19 - 7 Minute Workout Song wtimer  Tabata Songs_480p.mp4,Crunches, 02:38, 02:58,158,178
19 - 7 Minute Workout Song wtimer  Tabata Songs_480p.mp4,StepUps, 03:03, 03:23,183,203
19 - 7 Minute Workout Song wtimer  Tabata Songs_480p.mp4,Squats, 03:44, 04:04,224,244
19 - 7 Minute Workout Song wtimer  Tabata Songs_480p.mp4,Lunges, 04:23, 04:43,263,283
19 - 7 Minute Workout Song wtimer  Tabata Songs_480p.mp4,Plank, 05:01, 05:21,301,321
19 - 7 Minute Workout Song wtimer  Tabata Songs_480p.mp4,HighKnees, 05:47, 06:07,347,367
19 - 7 Minute Workout Song wtimer  Tabata Songs_480p.mp4,Walking, 06:12, 06:17,372,377
19 - 7 Minute Workout Song wtimer  Tabata Songs_480p.mp4,TricepDips, 06:28, 06:48,388,408
19 - 7 Minute Workout Song wtimer  Tabata Songs_480p.mp4,PushUpWR, 07:02, 07:22,422,442
19 - 7 Minute Workout Song wtimer  Tabata Songs_480p.mp4,SidePlank, 07:43, 08:03,463,483
19 - 7 Minute Workout Song wtimer  Tabata Songs_480p.mp4,SidePlank, 08:24, 08:44,504,524
20 - 7 minute workout Full bodySONG_480p.mp4,JumpingJack, 00:35, 00:55,35,55
20 - 7 minute workout Full bodySONG_480p.mp4,WallSitt, 01:15, 01:35,75,95
20 - 7 minute workout Full bodySONG_480p.mp4,PushUps, 01:55, 02:15,115,135
20 - 7 minute workout Full bodySONG_480p.mp4,Crunches, 02:35, 02:55,155,175
20 - 7 minute workout Full bodySONG_480p.mp4,StepUps, 03:15, 03:35,195,215
20 - 7 minute workout Full bodySONG_480p.mp4,Squats, 03:55, 04:15,235,255
20 - 7 minute workout Full bodySONG_480p.mp4,TricepDips, 04:35, 04:55,275,295
20 - 7 minute workout Full bodySONG_480p.mp4,Plank, 05:15, 05:35,315,335
20 - 7 minute workout Full bodySONG_480p.mp4,HighKnees, 05:55, 06:15,355,375
20 - 7 minute workout Full bodySONG_480p.mp4,Walking, 06:21, 06:26,381,386
20 - 7 minute workout Full bodySONG_480p.mp4,Lunges, 06:35, 06:55,395,415
20 - 7 minute workout Full bodySONG_480p.mp4,PushUpWR, 07:15, 07:35,435,455
20 - 7 minute workout Full bodySONG_480p.mp4,SidePlank, 07:55, 08:05,475,485
20 - 7 minute workout Full bodySONG_480p.mp4,SidePlank, 08:35, 08:45,515,525
21 - Tabata 7 minute workout_480p.mp4,JumpingJack, 00:15, 00:35,15,35
21 - Tabata 7 minute workout_480p.mp4,Walking, 00:41, 00:46,41,46
21 - Tabata 7 minute workout_480p.mp4,WallSitt, 00:55, 01:15,55,75
21 - Tabata 7 minute workout_480p.mp4,PushUps, 01:36, 01:56,96,116
21 - Tabata 7 minute workout_480p.mp4,Crunches, 02:16, 02:36,136,156
21 - Tabata 7 minute workout_480p.mp4,StepUps, 02:56, 03:16,176,196
21 - Tabata 7 minute workout_480p.mp4,Walking, 03:22, 03:27,202,207
21 - Tabata 7 minute workout_480p.mp4,Squats, 03:36, 03:56,216,236
21 - Tabata 7 minute workout_480p.mp4,TricepDips, 04:16, 04:36,256,276
21 - Tabata 7 minute workout_480p.mp4,Plank, 04:56,5:16,296,316
21 - Tabata 7 minute workout_480p.mp4,HighKnees, 05:36, 05:56,336,356
21 - Tabata 7 minute workout_480p.mp4,Lunges, 06:16, 06:36,376,396
21 - Tabata 7 minute workout_480p.mp4,PushUpWR, 06:56, 07:16,416,436
21 - Tabata 7 minute workout_480p.mp4,SidePlank, 07:36, 07:56,456,476
21 - Tabata 7 minute workout_480p.mp4,SidePlank, 08:16, 08:26,496,506
22 - 7 Minute Workout Song (Tabata Songs).mp4,JumpingJack, 00:15, 00:35,15,35
22 - 7 Minute Workout Song (Tabata Songs).mp4,Walking, 00:46, 00:51,46,51
22 - 7 Minute Workout Song (Tabata Songs).mp4,WallSitt, 00:55, 01:15,55,75
22 - 7 Minute Workout Song (Tabata Songs).mp4,PushUps, 01:36, 01:56,96,116
22 - 7 Minute Workout Song (Tabata Songs).mp4,Crunches, 02:16, 02:36,136,156
22 - 7 Minute Workout Song (Tabata Songs).mp4,StepUps, 02:56, 03:16,176,196
22 - 7 Minute Workout Song (Tabata Songs).mp4,Walking, 03:26, 03:31,206,211
22 - 7 Minute Workout Song (Tabata Songs).mp4,Squats, 03:36, 03:56,216,236
22 - 7 Minute Workout Song (Tabata Songs).mp4,TricepDips, 04:16, 04:36,256,276
22 - 7 Minute Workout Song (Tabata Songs).mp4,Plank, 04:56,5:16,296,316
22 - 7 Minute Workout Song (Tabata Songs).mp4,HighKnees, 05:36, 05:56,336,356
22 - 7 Minute Workout Song (Tabata Songs).mp4,Lunges, 06:16, 06:36,376,396
22 - 7 Minute Workout Song (Tabata Songs).mp4,PushUpWR, 06:56, 07:16,416,436
22 - 7 Minute Workout Song (Tabata Songs).mp4,SidePlank, 07:36, 07:56,456,476
22 - 7 Minute Workout Song (Tabata Songs).mp4,SidePlank, 08:16, 08:26,496,506
23 -7 Minute Workout Song KIDS  7.mp4,JumpingJack, 00:10, 00:30,10,30
23 -7 Minute Workout Song KIDS  7.mp4,Walking, 00:36, 00:41,36,41
23 -7 Minute Workout Song KIDS  7.mp4,WallSitt, 00:50, 01:10,50,70
23 -7 Minute Workout Song KIDS  7.mp4,PushUps, 01:30, 01:50,90,110
23 -7 Minute Workout Song KIDS  7.mp4,Crunches, 02:10, 02:30,130,150
23 -7 Minute Workout Song KIDS  7.mp4,Walking, 03:13, 03:20,193,200
23 -7 Minute Workout Song KIDS  7.mp4,Squats, 03:30, 03:50,210,230
23 -7 Minute Workout Song KIDS  7.mp4,Plank, 04:50,5:10,290,310
23 -7 Minute Workout Song KIDS  7.mp4,HighKnees, 05:30, 05:50,330,350
23 -7 Minute Workout Song KIDS  7.mp4,Lunges, 06:10, 06:30,370,390
23 -7 Minute Workout Song KIDS  7.mp4,PushUpWR, 06:50, 07:10,410,430
23 -7 Minute Workout Song KIDS  7.mp4,SidePlank, 07:30, 07:40,450,460
23 -7 Minute Workout Song KIDS  7.mp4,SidePlank, 08:10, 08:20,490,500
24 - 7 Minute Workout  Tabata Songs wtimer_480p.mp4,JumpingJack, 00:15, 00:35,15,35
24 - 7 Minute Workout  Tabata Songs wtimer_480p.mp4,Walking, 00:41, 00:46,41,46
24 - 7 Minute Workout  Tabata Songs wtimer_480p.mp4,WallSitt, 00:55, 01:15,55,75
24 - 7 Minute Workout  Tabata Songs wtimer_480p.mp4,PushUps, 01:36, 01:56,96,116
24 - 7 Minute Workout  Tabata Songs wtimer_480p.mp4,Crunches, 02:16, 02:36,136,156
24 - 7 Minute Workout  Tabata Songs wtimer_480p.mp4,StepUps, 02:56, 03:16,176,196
24 - 7 Minute Workout  Tabata Songs wtimer_480p.mp4,Walking, 03:22, 03:27,202,207
24 - 7 Minute Workout  Tabata Songs wtimer_480p.mp4,Squats, 03:36, 03:56,216,236
24 - 7 Minute Workout  Tabata Songs wtimer_480p.mp4,TricepDips, 04:16, 04:36,256,276
24 - 7 Minute Workout  Tabata Songs wtimer_480p.mp4,Plank, 04:56,5:16,296,316
24 - 7 Minute Workout  Tabata Songs wtimer_480p.mp4,HighKnees, 05:36, 05:56,336,356
24 - 7 Minute Workout  Tabata Songs wtimer_480p.mp4,Lunges, 06:16, 06:36,376,396
24 - 7 Minute Workout  Tabata Songs wtimer_480p.mp4,PushUpWR, 06:56, 07:16,416,436
24 - 7 Minute Workout  Tabata Songs wtimer_480p.mp4,SidePlank, 07:36, 07:56,456,476
24 - 7 Minute Workout  Tabata Songs wtimer_480p.mp4,SidePlank, 08:16, 08:26,496,506
25 - I tried Inger Houghton's 7 Minute Workout Tabata Songs.mp4,JumpingJack, 00:15, 00:35,15,35
25 - I tried Inger Houghton's 7 Minute Workout Tabata Songs.mp4,Walking, 00:41, 00:46,41,46
25 - I tried Inger Houghton's 7 Minute Workout Tabata Songs.mp4,WallSitt, 00:55, 01:15,55,75
25 - I tried Inger Houghton's 7 Minute Workout Tabata Songs.mp4,PushUps, 01:36, 01:56,96,116
25 - I tried Inger Houghton's 7 Minute Workout Tabata Songs.mp4,Crunches, 02:16, 02:36,136,156
25 - I tried Inger Houghton's 7 Minute Workout Tabata Songs.mp4,StepUps, 02:56, 03:16,176,196
25 - I tried Inger Houghton's 7 Minute Workout Tabata Songs.mp4,Walking, 03:22, 03:27,202,207
25 - I tried Inger Houghton's 7 Minute Workout Tabata Songs.mp4,Squats, 03:36, 03:56,216,236
25 - I tried Inger Houghton's 7 Minute Workout Tabata Songs.mp4,TricepDips, 04:16, 04:36,256,276
25 - I tried Inger Houghton's 7 Minute Workout Tabata Songs.mp4,Plank, 04:56,5:16,296,316
25 - I tried Inger Houghton's 7 Minute Workout Tabata Songs.mp4,HighKnees, 05:36, 05:56,336,356
25 - I tried Inger Houghton's 7 Minute Workout Tabata Songs.mp4,Lunges, 06:16, 06:36,376,396
25 - I tried Inger Houghton's 7 Minute Workout Tabata Songs.mp4,PushUpWR, 06:56, 07:16,416,436
25 - I tried Inger Houghton's 7 Minute Workout Tabata Songs.mp4,SidePlank, 07:36, 07:56,456,476
25 - I tried Inger Houghton's 7 Minute Workout Tabata Songs.mp4,SidePlank, 08:16, 08:26,496,506
26 - 7 Minute Workout Song wtimer TABATA SONGS_480p.mp4,JumpingJack, 00:15, 00:35,15,35
26 - 7 Minute Workout Song wtimer TABATA SONGS_480p.mp4,Walking, 00:41, 00:46,41,46
26 - 7 Minute Workout Song wtimer TABATA SONGS_480p.mp4,WallSitt, 00:55, 01:15,55,75
26 - 7 Minute Workout Song wtimer TABATA SONGS_480p.mp4,PushUps, 01:36, 01:56,96,116
26 - 7 Minute Workout Song wtimer TABATA SONGS_480p.mp4,Crunches, 02:16, 02:36,136,156
26 - 7 Minute Workout Song wtimer TABATA SONGS_480p.mp4,StepUps, 02:56, 03:16,176,196
26 - 7 Minute Workout Song wtimer TABATA SONGS_480p.mp4,Walking, 03:22, 03:27,202,207
26 - 7 Minute Workout Song wtimer TABATA SONGS_480p.mp4,Squats, 03:36, 03:56,216,236
26 - 7 Minute Workout Song wtimer TABATA SONGS_480p.mp4,TricepDips, 04:16, 04:36,256,276
26 - 7 Minute Workout Song wtimer TABATA SONGS_480p.mp4,Plank, 04:56,5:16,296,316
26 - 7 Minute Workout Song wtimer TABATA SONGS_480p.mp4,HighKnees, 05:36, 05:56,336,356
26 - 7 Minute Workout Song wtimer TABATA SONGS_480p.mp4,Lunges, 06:16, 06:36,376,396
26 - 7 Minute Workout Song wtimer TABATA SONGS_480p.mp4,PushUpWR, 06:56, 07:16,416,436
26 - 7 Minute Workout Song wtimer TABATA SONGS_480p.mp4,SidePlank, 07:36, 07:56,456,476
26 - 7 Minute Workout Song wtimer TABATA SONGS_480p.mp4,SidePlank, 08:16, 08:26,496,506
27 -Scientific 7 Minute Workout_480p.mp4,JumpingJack, 00:50, 01:10,50,70
27 -Scientific 7 Minute Workout_480p.mp4,Walking, 01:22, 01:27,82,87
27 -Scientific 7 Minute Workout_480p.mp4,WallSitt, 01:40, 02:00,100,120
27 -Scientific 7 Minute Workout_480p.mp4,PushUps, 02:16, 02:36,136,156
27 -Scientific 7 Minute Workout_480p.mp4,Crunches, 03:05, 03:25,185,205
27 -Scientific 7 Minute Workout_480p.mp4,StepUps, 03:38, 03:58,218,238
27 -Scientific 7 Minute Workout_480p.mp4,Walking, 04:11, 04:16,251,256
27 -Scientific 7 Minute Workout_480p.mp4,Squats, 04:20, 04:40,260,280
27 -Scientific 7 Minute Workout_480p.mp4,TricepDips, 05:01, 05:21,301,321
27 -Scientific 7 Minute Workout_480p.mp4,Plank, 05:48, 06:08,348,368
27 -Scientific 7 Minute Workout_480p.mp4,HighKnees, 06:30, 06:50,390,410
27 -Scientific 7 Minute Workout_480p.mp4,Lunges, 07:10, 07:30,430,450
27 -Scientific 7 Minute Workout_480p.mp4,PushUpWR, 07:50, 08:10,470,490
27 -Scientific 7 Minute Workout_480p.mp4,SidePlank, 08:50, 09:00,530,540
28 - Mitray from RusUkraine  7 minute workout  Tabata Song_480p.mp4,JumpingJack, 00:15, 00:33,15,33
28 - Mitray from RusUkraine  7 minute workout  Tabata Song_480p.mp4,Walking, 00:36, 00:41,36,41
28 - Mitray from RusUkraine  7 minute workout  Tabata Song_480p.mp4,WallSitt, 00:55, 01:13,55,73
28 - Mitray from RusUkraine  7 minute workout  Tabata Song_480p.mp4,PushUps, 01:36, 01:54,96,114
28 - Mitray from RusUkraine  7 minute workout  Tabata Song_480p.mp4,Crunches, 02:16, 02:34,136,154
28 - Mitray from RusUkraine  7 minute workout  Tabata Song_480p.mp4,Walking, 03:17, 03:22,197,202
28 - Mitray from RusUkraine  7 minute workout  Tabata Song_480p.mp4,Squats, 03:36, 03:54,216,234
28 - Mitray from RusUkraine  7 minute workout  Tabata Song_480p.mp4,TricepDips, 04:16, 04:34,256,274
28 - Mitray from RusUkraine  7 minute workout  Tabata Song_480p.mp4,Plank, 04:56,5:16,296,316
28 - Mitray from RusUkraine  7 minute workout  Tabata Song_480p.mp4,HighKnees, 05:36, 05:54,336,354
28 - Mitray from RusUkraine  7 minute workout  Tabata Song_480p.mp4,Lunges, 06:16, 06:34,376,394
28 - Mitray from RusUkraine  7 minute workout  Tabata Song_480p.mp4,PushUpWR, 06:56, 07:14,416,434
28 - Mitray from RusUkraine  7 minute workout  Tabata Song_480p.mp4,SidePlank, 07:36, 07:54,456,474
28 - Mitray from RusUkraine  7 minute workout  Tabata Song_480p.mp4,SidePlank, 08:16, 08:24,496,504
29 - Herbalife's 7 Minute WorkOut.mp4,JumpingJack, 00:25, 00:45,25,45
29 - Herbalife's 7 Minute WorkOut.mp4,Walking, 00:52, 00:57,52,57
29 - Herbalife's 7 Minute WorkOut.mp4,WallSitt, 01:05, 01:25,65,85
29 - Herbalife's 7 Minute WorkOut.mp4,PushUps, 01:46, 02:06,106,126
29 - Herbalife's 7 Minute WorkOut.mp4,Crunches, 02:26, 02:46,146,166
29 - Herbalife's 7 Minute WorkOut.mp4,StepUps, 03:06, 03:26,186,206
29 - Herbalife's 7 Minute WorkOut.mp4,Walking, 03:33, 03:38,213,218
29 - Herbalife's 7 Minute WorkOut.mp4,Squats, 03:46, 04:06,226,246
29 - Herbalife's 7 Minute WorkOut.mp4,TricepDips, 04:26, 04:46,266,286
29 - Herbalife's 7 Minute WorkOut.mp4,Plank, 05:06, 05:26,306,326
29 - Herbalife's 7 Minute WorkOut.mp4,HighKnees, 05:46, 06:06,346,366
29 - Herbalife's 7 Minute WorkOut.mp4,Lunges, 06:26, 06:46,386,406
29 - Herbalife's 7 Minute WorkOut.mp4,PushUpWR, 07:06, 07:26,426,446
29 - Herbalife's 7 Minute WorkOut.mp4,SidePlank, 07:46, 08:06,466,486
29 - Herbalife's 7 Minute WorkOut.mp4,SidePlank, 08:26, 08:36,506,516
3.mp4,JumpingJack, 00:36, 00:56,36,56
3.mp4,Walking, 01:01, 01:06,61,66
3.mp4,WallSitt, 01:16, 01:36,76,96
3.mp4,Walking, 01:42, 01:47,102,107
3.mp4,PushUps, 01:56, 02:16,116,136
3.mp4,Crunches, 02:36, 02:56,156,176
3.mp4,StepUps, 03:16, 03:36,196,216
3.mp4,Squats, 03:56, 04:16,236,256
3.mp4,TricepDips, 04:36, 04:56,276,296
3.mp4,Plank, 05:16, 05:36,316,336
3.mp4,HighKnees, 05:56, 06:16,356,376
3.mp4,Lunges, 06:36, 06:56,396,416
3.mp4,PushUpWR, 07:16, 07:36,436,456
3.mp4,SidePlank, 07:56, 08:16,476,496
3.mp4,SidePlank, 08:36, 08:56,516,536
30 - 7 Minute Workout Full Video.mp4,JumpingJack, 00:42, 00:47,42,47
30 - 7 Minute Workout Full Video.mp4,WallSitt, 01:41, 01:46,101,106
30 - 7 Minute Workout Full Video.mp4,PushUps, 02:12, 02:17,132,137
30 - 7 Minute Workout Full Video.mp4,Crunches, 02:57, 03:02,177,182
30 - 7 Minute Workout Full Video.mp4,StepUps, 03:43, 03:48,223,228
30 - 7 Minute Workout Full Video.mp4,Squats, 04:28, 04:33,268,273
30 - 7 Minute Workout Full Video.mp4,TricepDips, 05:15, 05:20,315,320
30 - 7 Minute Workout Full Video.mp4,Plank, 05:57, 06:02,357,362
30 - 7 Minute Workout Full Video.mp4,HighKnees, 06:40, 06:46,400,406
30 - 7 Minute Workout Full Video.mp4,Lunges, 07:27, 07:40,447,460
30 - 7 Minute Workout Full Video.mp4,PushUpWR, 08:11, 08:27,491,507
30 - 7 Minute Workout Full Video.mp4,SidePlank, 09:00, 09:05,540,545
4.mp4,JumpingJack, 00:30, 00:50,30,50
4.mp4,WallSitt, 01:10, 01:30,70,90
4.mp4,PushUps, 01:50, 02:10,110,130
4.mp4,Crunches, 02:30, 02:50,150,170
4.mp4,StepUps, 03:10, 03:30,190,210
4.mp4,Squats, 03:50, 04:10,230,250
4.mp4,Walking, 04:16, 04:21,256,261
4.mp4,TricepDips, 04:30, 04:50,270,290
4.mp4,Plank, 05:10, 05:30,310,330
4.mp4,HighKnees, 05:50, 06:10,350,370
4.mp4,Walking, 06:15, 06:20,375,380
4.mp4,Lunges, 06:30, 06:50,390,410
4.mp4,PushUpWR, 07:10, 07:30,430,450
4.mp4,SidePlank, 07:50, 08:10,470,490
4.mp4,SidePlank, 08:30, 08:50,510,530
5.mp4,JumpingJack, 00:15, 00:35,15,35
5.mp4,WallSitt, 00:55, 01:15,55,75
5.mp4,PushUps, 01:35, 01:55,95,115
5.mp4,Crunches, 02:15, 02:35,135,155
5.mp4,StepUps, 02:55, 03:15,175,195
5.mp4,Squats, 03:35, 03:55,215,235
5.mp4,TricepDips, 04:15, 04:35,255,275
5.mp4,Plank, 04:55, 05:15,295,315
5.mp4,HighKnees, 05:35, 05:55,335,355
5.mp4,Walking, 06:02, 06:07,362,367
5.mp4,Lunges, 06:15, 06:35,375,395
5.mp4,PushUpWR, 06:55, 07:15,415,435
5.mp4,SidePlank, 07:35, 07:55,455,475
5.mp4,SidePlank, 08:15, 08:35,495,515
6.mp4,JumpingJack, 00:39, 00:42,39,42
6.mp4,JumpingJack, 00:45, 00:47,45,47
6.mp4,JumpingJack, 00:50, 00:52,50,52
6.mp4,WallSitt, 01:36, 01:43,96,103
6.mp4,PushUps, 02:01, 02:06,121,126
6.mp4,PushUps, 02:08, 02:15,128,135
6.mp4,Crunches, 02:56, 03:11,176,191
6.mp4,StepUps, 03:20, 03:45,200,225
6.mp4,Squats, 04:17, 04:27,257,267
6.mp4,TricepDips, 04:44, 04:48,284,288
6.mp4,Plank, 05:24, 05:29,324,329
6.mp4,HighKnees, 06:09, 06:12,369,372
6.mp4,Walking, 06:33, 06:38,393,398
6.mp4,Lunges, 06:52, 07:02,412,422
6.mp4,PushUpWR, 07:35, 07:48,455,468
6.mp4,SidePlank, 08:23, 08:29,503,509
6.mp4,SidePlank, 08:42, 08:49,522,529
7.mp4,JumpingJack, 00:33, 00:43,33,43
7.mp4,WallSitt, 00:54, 01:08,54,68
7.mp4,PushUps, 01:19, 01:24,79,84
7.mp4,PushUps, 01:30, 01:36,90,96
7.mp4,Crunches, 02:09, 02:15,129,135
7.mp4,Walking, 02:39, 02:41,159,161
7.mp4,StepUps, 02:44, 03:10,164,190
7.mp4,Squats, 03:25, 03:50,205,230
7.mp4,TricepDips, 04:02, 04:32,242,272
7.mp4,Plank, 04:50, 05:10,290,310
7.mp4,HighKnees, 05:24, 05:38,324,338
7.mp4,Lunges, 05:52, 06:00,352,360
7.mp4,PushUpWR, 06:40, 06:58,400,418
7.mp4,SidePlank, 07:35, 07:50,455,470
8.mp4,JumpingJack, 00:40, 01:00,40,60
8.mp4,WallSitt, 01:20, 01:40,80,100
8.mp4,PushUps, 02:05, 02:25,125,145
8.mp4,Crunches, 02:40, 03:00,160,180
8.mp4,StepUps, 03:25, 03:55,205,235
8.mp4,Squats, 04:00, 04:20,240,260
8.mp4,TricepDips, 04:45, 05:05,285,305
8.mp4,Plank, 05:20, 05:40,320,340
8.mp4,HighKnees, 06:00, 06:20,360,380
8.mp4,Lunges, 06:40, 07:00,400,420
8.mp4,Walking, 07:09, 07:12,429,432
8.mp4,PushUpWR, 07:19, 07:39,439,459
8.mp4,SidePlank, 08:05, 08:25,485,505
8.mp4,SidePlank, 08:45, 09:05,525,545
8.mp4,Walking, 09:10, 09:25,550,565
